Episode,Step,Action,Reward,Epsilon,AvgWait,Phase,N_Queue,S_Queue,E_Queue,W_Queue,Q0,Q1
1,1,0,-0.05,1.0,0.0,0,0,0,1,0,-0.02244747,0.024537712
1,2,2,-0.0,1.0,0.0,0,0,0,0,0,-0.024124797,0.020800926
1,3,2,-0.0,1.0,0.0,0,0,0,0,0,-0.021809598,0.021542516
1,4,2,-0.1,1.0,0.0,0,1,1,0,0,-0.021809598,0.021542516
1,5,2,-0.0,1.0,0.0,0,0,0,0,0,-0.019296916,0.025042951
1,6,2,-0.0,1.0,0.0,0,0,0,0,0,-0.021809598,0.021542516
1,7,2,-0.05,1.0,0.0,0,0,0,1,0,-0.021809598,0.021542516
1,8,0,-0.1,1.0,0.0,0,1,0,0,1,-0.024124797,0.020800926
1,9,2,-0.05,1.0,0.0,0,0,1,0,0,-0.017899355,0.022096666
1,10,2,-0.0,1.0,0.0,1,0,0,0,0,-0.02244747,0.024537712
1,11,0,-0.0,1.0,0.0,1,0,0,0,0,0.01339153,0.048632275
1,12,2,-0.05,1.0,0.0,1,0,0,1,0,0.01339153,0.048632275
1,13,2,-0.55,1.0,0.0,2,1,0,0,0,0.012612621,0.047409013
1,14,2,-0.55,1.0,0.0,2,0,1,0,0,0.03619858,0.068968534
1,15,0,-0.55,1.0,0.0,2,0,0,0,1,0.035168093,0.06880228
1,16,2,-0.7,1.0,0.07692307692307693,2,0,1,1,0,0.034098703,0.06776173
1,17,0,-0.7,1.0,0.14285714285714285,2,1,1,0,0,0.034541238,0.06678163
1,18,0,-0.8,1.0,0.2857142857142857,2,1,1,0,0,0.03600203,0.06932226
1,19,0,-0.65,1.0,0.25,2,0,2,0,1,0.03600203,0.06932226
1,20,0,-0.8,1.0,0.375,2,0,1,0,1,0.034047097,0.068894304
1,21,0,-0.9,1.0,0.47058823529411764,2,1,2,1,0,0.033991672,0.06806916
1,22,2,-1.0,1.0,0.6111111111111112,2,2,2,0,0,0.035850246,0.06857396
1,23,0,-0.5,1.0,0.7368421052631579,3,1,3,0,0,0.037132926,0.07080226
1,24,0,-0.45,1.0,0.8947368421052632,3,1,2,0,0,0.03996637,0.1565688
1,25,2,-0.6,1.0,1.1666666666666667,3,2,2,0,0,0.040230367,0.15546863
1,26,0,1.4,1.0,0.05263157894736842,0,0,1,1,0,0.040452026,0.15821815
1,27,2,-0.5,1.0,0.0,0,1,1,0,0,-0.02484588,0.023711657
1,28,2,-0.5,1.0,0.0,0,0,0,0,0,-0.019296916,0.025042951
1,29,2,-0.5,1.0,0.0,0,0,0,0,0,-0.021809598,0.021542516
1,30,2,-0.65,1.0,0.047619047619047616,0,0,0,1,0,-0.021809598,0.021542516
1,31,2,-0.75,1.0,0.09090909090909091,0,1,0,2,0,-0.024124797,0.020800926
1,32,0,-0.7,1.0,0.13636363636363635,0,0,1,1,0,-0.023649905,0.020581694
1,33,2,-0.8,1.0,0.22727272727272727,0,0,0,1,1,-0.028000584,0.019236656
1,34,0,-0.95,1.0,0.36363636363636365,0,0,0,2,1,-0.029451594,0.011660889
1,35,0,-1.0,1.0,0.4782608695652174,0,0,0,2,2,-0.035767607,0.0059505026
1,36,0,-0.6,1.0,0.5384615384615384,0,1,1,3,1,-0.03921075,0.0014285434
1,37,2,-0.45,1.0,0.6538461538461539,1,0,0,2,1,-0.045593034,5.51836e-05
1,38,2,-0.75,1.0,0.8461538461538461,1,0,0,3,2,-0.011120654,0.019907946
1,39,0,-0.75,1.0,1.0384615384615385,1,0,0,3,2,-0.016532902,0.013455157
1,40,0,1.65,1.0,0.15384615384615385,2,1,1,1,0,-0.019816289,0.009097075
1,41,0,-0.55,1.0,0.1111111111111111,2,1,1,1,0,-0.019282456,0.020313706
1,42,2,-0.85,1.0,0.19230769230769232,2,1,2,0,0,-0.02542001,0.015331638
1,43,2,-0.8,1.0,0.2916666666666667,2,1,1,0,0,-0.03114806,0.013354158
1,44,2,-0.8,1.0,0.42857142857142855,2,1,1,0,0,-0.03706387,0.007409758
1,45,2,-1.2,1.0,0.5909090909090909,2,3,2,1,0,-0.042508494,0.0017895016
1,46,2,-1.1,1.0,0.7727272727272727,2,2,2,0,0,-0.047907107,-0.006583191
1,47,2,-1.15,1.0,0.9130434782608695,2,2,3,0,0,-0.05236486,-0.009965083
1,48,2,-1.4,1.0,1.173913043478261,2,3,3,0,0,-0.05692418,-0.015358392
1,49,2,-1.45,1.0,1.375,2,4,3,0,0,-0.06015464,-0.02281171
1,50,0,-1.0,1.0,1.5,3,3,3,1,1,-0.06381029,-0.030128032
1,51,2,-0.9,1.0,1.7307692307692308,3,3,3,0,0,-0.060171094,0.014760264
1,52,2,-0.95,1.0,1.9615384615384615,3,3,4,0,0,-0.061477315,0.0076954896
1,53,2,3.1,1.0,0.48148148148148145,0,2,1,1,0,-0.06587613,0.00016451464
1,54,2,0.45,1.0,0.06896551724137931,0,0,0,2,1,-0.09383964,-0.068423085
1,55,0,-0.8,1.0,0.13793103448275862,0,0,0,1,1,-0.10222797,-0.07637741
1,56,2,-0.6,1.0,0.13793103448275862,0,0,1,1,0,-0.102571286,-0.080458716
1,57,2,-0.8,1.0,0.23076923076923078,0,0,0,2,0,-0.1069306,-0.081914626
1,58,2,-0.85,1.0,0.3076923076923077,0,1,0,2,0,-0.11187921,-0.08881103
1,59,2,-0.85,1.0,0.38461538461538464,0,0,0,3,0,-0.113595925,-0.09332114
1,60,0,-0.85,1.0,0.46153846153846156,0,0,0,2,1,-0.12210786,-0.097717755
1,61,0,-1.0,1.0,0.5555555555555556,0,0,1,3,0,-0.1214326,-0.10183708
1,62,2,-0.95,1.0,0.6666666666666666,0,0,0,3,0,-0.12980342,-0.1037409
1,63,2,-0.5,1.0,0.7777777777777778,1,1,0,3,0,-0.131889,-0.11040826
1,64,2,-0.5,1.0,0.8571428571428571,1,0,0,4,0,-0.078276,-0.10524306
1,65,0,-0.6,1.0,1.0,1,1,0,3,0,-0.08322117,-0.11395251
1,66,2,1.35,1.0,0.2857142857142857,2,1,1,1,0,-0.08359202,-0.11487378
1,67,0,-0.1,1.0,0.10344827586206896,2,1,0,0,1,-0.13013858,-0.14759128
1,68,0,-0.7,1.0,0.13793103448275862,2,2,0,0,0,-0.13331279,-0.15149893
1,69,0,-0.85,1.0,0.20689655172413793,2,1,1,1,0,-0.13609439,-0.1584559
1,70,0,-0.8,1.0,0.3076923076923077,2,1,1,0,0,-0.14406459,-0.16570742
1,71,0,-1.0,1.0,0.4230769230769231,2,2,2,0,0,-0.14750133,-0.16745657
1,72,0,-0.95,1.0,0.6086956521739131,2,2,1,0,0,-0.15386665,-0.17340581
1,73,0,-1.0,1.0,0.7083333333333334,2,3,1,0,0,-0.15872365,-0.17981882
1,74,0,-1.3,1.0,0.9166666666666666,2,3,2,1,0,-0.16524205,-0.18694136
1,75,2,-1.3,1.0,1.08,2,3,2,0,1,-0.17619915,-0.19535546
1,76,0,-0.8,1.0,1.2307692307692308,3,3,3,0,0,-0.18347156,-0.19735909
1,77,2,-0.75,1.0,1.4230769230769231,3,3,2,0,0,-0.16503657,-0.20467292
1,78,0,-1.0,1.0,1.5925925925925926,3,4,3,1,0,-0.17299083,-0.2129398
1,79,2,2.7,1.0,0.3333333333333333,0,1,1,1,1,-0.18390298,-0.22242501
1,80,2,0.35,1.0,0.0,0,0,1,0,0,-0.1904728,-0.177627
1,81,0,-0.5,1.0,0.0,0,0,0,0,0,-0.19254409,-0.18099575
1,82,2,-0.7,1.0,0.038461538461538464,0,1,0,1,0,-0.19687732,-0.1866728
1,83,0,-1.0,1.0,0.15384615384615385,0,1,0,2,1,-0.20248209,-0.19153519
1,84,0,-0.75,1.0,0.2,0,0,0,1,2,-0.21143568,-0.19586045
1,85,2,-0.85,1.0,0.28,0,0,1,1,1,-0.21518481,-0.19950038
1,86,0,-0.95,1.0,0.4,0,0,0,2,1,-0.21947761,-0.20212409
1,87,0,-1.0,1.0,0.5,0,1,0,2,1,-0.22725761,-0.2081502
1,88,0,-1.05,1.0,0.5714285714285714,0,0,0,3,2,-0.23035114,-0.2119983
1,89,0,-0.45,1.0,0.7037037037037037,0,0,0,2,1,-0.24052179,-0.21618964
1,90,2,-0.65,1.0,0.8214285714285714,1,0,1,3,1,-0.2421214,-0.22026516
1,91,0,-0.6,1.0,0.9642857142857143,1,0,0,3,1,-0.20187238,-0.21917687
1,92,2,-0.95,1.0,1.1785714285714286,1,1,1,3,2,-0.20619932,-0.22367299
1,93,2,2.0,1.0,0.2,2,0,1,2,1,-0.21918464,-0.22493795
1,94,0,-0.25,1.0,0.10344827586206896,2,0,1,0,0,-0.33196503,-0.30321124
1,95,2,-0.7,1.0,0.14285714285714285,2,0,2,0,0,-0.33277792,-0.3014974
1,96,2,-0.8,1.0,0.23076923076923078,2,1,1,0,0,-0.34377062,-0.30653372
1,97,0,-0.9,1.0,0.32,2,2,1,1,0,-0.3537231,-0.3142157
1,98,2,-0.95,1.0,0.44,2,1,2,0,0,-0.36740837,-0.32466003
1,99,0,-0.95,1.0,0.5833333333333334,2,1,2,0,0,-0.374266,-0.32550433
1,100,2,-1.15,1.0,0.72,2,2,3,0,0,-0.38389692,-0.3313008
1,101,0,-1.25,1.0,0.92,2,2,3,0,0,-0.3959498,-0.33842608
1,102,2,-1.3,1.0,1.0769230769230769,2,3,3,0,0,-0.40558028,-0.34443715
1,103,2,-0.8,1.0,1.2222222222222223,2,2,3,1,0,-0.4171862,-0.3518804
1,104,0,-0.95,1.0,1.3928571428571428,3,3,4,0,0,-0.4281336,-0.36044163
1,105,2,-0.95,1.0,1.6071428571428572,3,3,3,0,1,-0.4352001,-0.40155688
1,106,0,-0.9,1.0,1.8214285714285714,3,3,3,0,0,-0.44596365,-0.40936103
1,107,0,3.3,1.0,0.36666666666666664,0,2,1,1,0,-0.45408088,-0.41687346
1,108,2,0.6,1.0,0.0,0,0,0,0,0,-0.34634742,-0.29207808
1,109,2,-0.55,1.0,0.0,0,0,1,0,0,-0.34853846,-0.29605788
1,110,0,-0.65,1.0,0.037037037037037035,0,0,0,1,0,-0.3560956,-0.2983679
1,111,0,-0.85,1.0,0.11538461538461539,0,1,0,1,1,-0.36527127,-0.30541858
1,112,0,-0.85,1.0,0.2,0,0,0,2,1,-0.37288418,-0.3106831
1,113,2,-0.85,1.0,0.2692307692307692,0,0,1,1,1,-0.38358462,-0.31539783
1,114,0,-0.8,1.0,0.375,0,0,0,1,1,-0.3879238,-0.3174844
1,115,0,-1.0,1.0,0.48,0,1,0,2,1,-0.39335862,-0.32306427
1,116,0,-0.95,1.0,0.6,0,0,0,2,1,-0.40398604,-0.32888833
1,117,2,-0.5,1.0,0.72,1,0,0,3,1,-0.41069135,-0.33289385
1,118,2,-0.6,1.0,0.88,1,0,0,3,1,-0.369228,-0.33189023
1,119,0,-0.65,1.0,1.0,1,0,1,3,1,-0.37585044,-0.33634067
1,120,2,1.75,1.0,0.12,2,0,0,1,0,-0.38639167,-0.34072813
1,121,2,-0.2,1.0,0.0,2,0,0,0,0,-0.5924558,-0.47502112
1,122,2,-0.7,1.0,0.04,2,0,1,1,0,-0.5992505,-0.47971937
1,123,0,-0.7,1.0,0.08333333333333333,2,0,1,0,1,-0.61469394,-0.49009752
1,124,0,-0.75,1.0,0.13043478260869565,2,1,2,0,0,-0.62533647,-0.49622673
1,125,0,-0.8,1.0,0.22727272727272727,2,1,1,0,0,-0.636525,-0.5043259
1,126,2,-0.8,1.0,0.35,2,1,1,0,0,-0.64377123,-0.5125299
1,127,0,-1.0,1.0,0.47619047619047616,2,1,2,1,0,-0.65333194,-0.52000207
1,128,2,-1.15,1.0,0.6666666666666666,2,3,2,0,0,-0.6688163,-0.53006667
1,129,2,-1.15,1.0,0.8181818181818182,2,2,3,0,0,-0.68174374,-0.5375879
1,130,2,-0.75,1.0,1.0454545454545454,2,2,3,0,0,-0.69237363,-0.54285145
1,131,0,-0.95,1.0,1.3181818181818181,3,3,3,1,0,-0.7026529,-0.55001575
1,132,0,-0.9,1.0,1.5909090909090908,3,3,3,0,0,-0.69106275,-0.60026526
1,133,2,-1.0,1.0,1.7083333333333333,3,4,4,0,0,-0.6985844,-0.6034645
1,134,2,2.4,1.0,0.4,0,1,1,1,1,-0.7126707,-0.6110161
1,135,0,0.25,1.0,0.08333333333333333,0,0,0,1,0,-0.5368491,-0.42329314
1,136,2,-0.7,1.0,0.13043478260869565,0,0,0,2,0,-0.5373929,-0.42654467
1,137,2,-0.7,1.0,0.17391304347826086,0,0,1,1,0,-0.5491145,-0.43402657
1,138,2,-0.8,1.0,0.2608695652173913,0,0,1,1,0,-0.5562504,-0.437608
1,139,0,-0.7,1.0,0.3333333333333333,0,0,0,1,1,-0.563803,-0.44316718
1,140,0,-0.95,1.0,0.47619047619047616,0,0,0,2,1,-0.5706558,-0.44975773
1,141,2,-1.0,1.0,0.5909090909090909,0,0,0,3,1,-0.58220416,-0.45749235
1,142,0,-1.2,1.0,0.7083333333333334,0,1,1,3,1,-0.5933219,-0.46505314
1,143,0,-1.1,1.0,0.875,0,0,0,3,1,-0.60622174,-0.47185507
1,144,0,-0.6,1.0,1.0869565217391304,0,0,0,3,1,-0.6090662,-0.4770199
1,145,0,-0.6,1.0,1.2608695652173914,0,0,0,3,1,-0.6172944,-0.4828926
1,146,2,-0.65,1.0,1.375,1,0,0,4,1,-0.62510395,-0.48899138
1,147,0,-0.65,1.0,1.48,1,0,1,3,1,-0.57754993,-0.48804212
1,148,0,-0.8,1.0,1.6153846153846154,1,0,0,4,2,-0.58556086,-0.49257323
1,149,2,2.65,1.0,0.3333333333333333,2,2,0,1,0,-0.59639186,-0.5016059
1,150,0,-0.05,1.0,0.125,2,1,1,1,0,-0.9029702,-0.70860475
1,151,2,-0.8,1.0,0.22727272727272727,2,1,1,0,0,-0.9125854,-0.7161762
1,152,2,-0.9,1.0,0.30434782608695654,2,1,2,0,1,-0.9197131,-0.7220154
1,153,2,-0.8,1.0,0.4090909090909091,2,1,1,0,0,-0.9381981,-0.73447436
1,154,2,-1.0,1.0,0.5714285714285714,2,2,2,0,0,-0.93988204,-0.7420736
1,155,0,-1.0,1.0,0.6818181818181818,2,1,2,1,0,-0.95837796,-0.75487804
1,156,2,-0.95,1.0,0.8181818181818182,2,1,2,0,0,-0.9684113,-0.76503044
1,157,0,-1.0,1.0,0.9130434782608695,2,1,3,0,0,-0.9748874,-0.7706289
1,158,2,-1.1,1.0,1.1363636363636365,2,1,3,0,0,-0.9885882,-0.78020823
1,159,0,-0.85,1.0,1.25,3,3,3,1,0,-0.9987619,-0.7893588
1,160,0,-0.75,1.0,1.4583333333333333,3,2,3,0,0,-0.98308766,-0.8542543
1,161,0,-0.75,1.0,1.6666666666666667,3,2,3,0,0,-0.9878564,-0.8607904
1,162,2,2.75,1.0,0.24,0,0,2,1,0,-0.99802214,-0.8712325
1,163,2,-0.25,1.0,0.07407407407407407,0,1,0,1,1,-0.7586283,-0.59475714
1,164,0,-0.7,1.0,0.10714285714285714,0,0,0,2,0,-0.76342076,-0.6037969
1,165,2,-0.8,1.0,0.19230769230769232,0,0,0,1,1,-0.77061063,-0.61009264
1,166,0,-0.8,1.0,0.2916666666666667,0,0,0,1,1,-0.7773738,-0.61706406
1,167,0,-1.0,1.0,0.43478260869565216,0,0,1,2,1,-0.7856761,-0.6242161
1,168,2,-1.0,1.0,0.5416666666666666,0,1,0,2,1,-0.804111,-0.6340434
1,169,2,-1.0,1.0,0.6666666666666666,0,0,0,3,1,-0.80965114,-0.64136344
1,170,0,-1.25,1.0,0.875,0,0,0,3,2,-0.82106376,-0.6498387
1,171,0,-1.25,1.0,1.0833333333333333,0,0,0,3,2,-0.8334104,-0.6595293
1,172,0,-0.85,1.0,1.1923076923076923,0,1,1,3,2,-0.8418565,-0.6669729
1,173,0,-0.8,1.0,1.3333333333333333,0,0,0,4,2,-0.8585239,-0.67606443
1,174,2,-0.75,1.0,1.5769230769230769,1,0,0,3,2,-0.8646736,-0.6836002
1,175,2,-0.75,1.0,1.7692307692307692,1,0,0,3,2,-0.7944159,-0.6752065
1,176,0,-0.75,1.0,1.9615384615384615,1,0,0,3,2,-0.8032378,-0.68212646
1,177,2,3.65,1.0,0.2962962962962963,2,1,1,1,0,-0.81213915,-0.68917036
1,178,2,0.1,1.0,0.03571428571428571,2,0,1,1,0,-1.2037846,-0.9743586
1,179,2,-0.7,1.0,0.08,2,0,1,0,1,-1.2120309,-0.981028
1,180,0,-0.65,1.0,0.125,2,0,1,0,0,-1.227318,-0.9892791
1,181,0,-0.65,1.0,0.18181818181818182,2,0,1,0,0,-1.2341965,-0.9958954
1,182,0,-0.9,1.0,0.2608695652173913,2,2,2,0,0,-1.2468877,-1.0054803
1,183,2,-1.05,1.0,0.375,2,1,2,1,1,-1.2722605,-1.023227
1,184,0,-0.95,1.0,0.5,2,1,2,0,0,-1.2903695,-1.0372658
1,185,2,-0.95,1.0,0.625,2,1,2,0,0,-1.2927706,-1.0415497
1,186,2,-1.2,1.0,0.7307692307692307,2,3,3,0,0,-1.3054824,-1.0520991
1,187,2,-0.8,1.0,0.8888888888888888,2,2,3,1,0,-1.3322498,-1.0713342
1,188,0,-0.5,1.0,1.0,3,2,2,0,0,-1.3446902,-1.0832739
1,189,0,-0.9,1.0,1.2222222222222223,3,3,3,0,0,-1.3246127,-1.1507859
1,190,0,-0.95,1.0,1.3928571428571428,3,4,3,0,0,-1.3454772,-1.164108
1,191,0,2.65,1.0,0.20689655172413793,0,1,2,0,0,-1.3620828,-1.1767402
1,192,0,0.05,1.0,0.0,0,0,0,1,0,-1.0211267,-0.8113621
1,193,0,-0.5,1.0,0.0,0,0,0,0,0,-1.0241411,-0.8197172
1,194,2,-0.65,1.0,0.04,0,0,0,1,0,-1.0292658,-0.8250153
1,195,2,-0.75,1.0,0.07407407407407407,0,1,1,1,0,-1.0456053,-0.83731747
1,196,2,-0.8,1.0,0.16666666666666666,0,0,0,1,1,-1.0651463,-0.84982806
1,197,2,-0.85,1.0,0.24,0,0,0,2,1,-1.0728452,-0.8589568
1,198,2,-0.8,1.0,0.34782608695652173,0,0,0,1,1,-1.0891963,-0.87157345
1,199,0,-0.8,1.0,0.43478260869565216,0,0,0,1,1,-1.094265,-0.87719756
1,200,0,-0.9,1.0,0.48,0,1,1,1,1,-1.1050175,-0.886417
1,201,0,-0.65,1.0,0.6153846153846154,0,0,0,3,2,-1.1250622,-0.8996154
1,202,2,-0.6,1.0,0.7692307692307693,1,0,0,2,2,-1.1459645,-0.9170559
1,203,0,-0.8,1.0,0.9615384615384616,1,0,0,3,3,-1.0664166,-0.8997665
1,204,0,-0.8,1.0,1.1538461538461537,1,1,0,3,2,-1.0890322,-0.9155772
1,205,0,1.95,1.0,0.14814814814814814,2,1,1,1,0,-1.0982294,-0.9237651
1,206,0,-0.15,1.0,0.0,2,0,0,1,0,-1.5799798,-1.2949144
1,207,2,-0.5,1.0,0.0,2,0,0,0,0,-1.5820998,-1.3007995
1,208,0,-0.65,1.0,0.041666666666666664,2,0,1,0,0,-1.5892022,-1.3084404
1,209,2,-0.9,1.0,0.13636363636363635,2,2,2,0,0,-1.6058123,-1.3227656
1,210,2,-1.1,1.0,0.3181818181818182,2,2,2,0,0,-1.6357794,-1.3453982
1,211,0,-0.65,1.0,0.3333333333333333,2,1,1,1,0,-1.648222,-1.3578155
1,212,2,-0.95,1.0,0.47619047619047616,2,2,1,0,0,-1.654103,-1.3677605
1,213,2,-0.95,1.0,0.6190476190476191,2,2,1,0,0,-1.6678637,-1.380752
1,214,0,-1.15,1.0,0.7727272727272727,2,2,3,0,0,-1.6802193,-1.3940376
1,215,0,-0.7,1.0,0.875,3,3,2,0,1,-1.7038289,-1.4129524
1,216,0,-0.65,1.0,1.0,3,2,2,1,0,-1.7314514,-1.5165453
1,217,0,-0.9,1.0,1.24,3,3,3,0,0,-1.7409712,-1.5305498
1,218,0,1.95,1.0,0.2,0,1,1,1,0,-1.7607719,-1.5432844
1,219,0,-0.5,1.0,0.11538461538461539,0,1,1,1,1,-1.3110884,-1.0694433
1,220,0,-0.85,1.0,0.18518518518518517,0,0,0,2,1,-1.3299538,-1.0851516
1,221,0,-0.8,1.0,0.28,0,0,0,1,1,-1.3377718,-1.0943009
1,222,2,-0.8,1.0,0.391304347826087,0,0,0,1,1,-1.3414905,-1.0993851
1,223,2,-1.0,1.0,0.5454545454545454,0,0,1,2,1,-1.3529981,-1.109161
1,224,2,-1.15,1.0,0.6956521739130435,0,1,1,2,1,-1.3798038,-1.1285502
1,225,0,-0.9,1.0,0.75,0,0,0,3,1,-1.3943493,-1.1406848
1,226,0,-0.95,1.0,0.875,0,0,0,2,1,-1.4018943,-1.1500155
1,227,0,-0.95,1.0,1.0,0,0,0,2,1,-1.4048476,-1.1550026
1,228,0,-0.65,1.0,1.12,0,1,0,3,1,-1.4157287,-1.1652435
1,229,2,-0.8,1.0,1.32,1,1,1,3,1,-1.4392766,-1.1835428
1,230,2,-0.6,1.0,1.3333333333333333,1,0,0,4,2,-1.3527669,-1.1654228
1,231,2,-0.6,1.0,1.5384615384615385,1,0,0,3,1,-1.3660995,-1.1792572
1,232,0,2.8,1.0,0.23076923076923078,2,1,0,1,0,-1.3619049,-1.1796268
1,233,0,-0.2,1.0,0.07407407407407407,2,2,0,0,0,-1.9336462,-1.6461097
1,234,0,-0.9,1.0,0.14285714285714285,2,2,1,1,0,-1.9494203,-1.6592965
1,235,0,-0.7,1.0,0.2,2,1,0,1,0,-1.9769541,-1.6823645
1,236,2,-0.7,1.0,0.2608695652173913,2,1,1,0,0,-1.9771376,-1.6884452
1,237,0,-0.85,1.0,0.36363636363636365,2,1,1,0,1,-1.9917371,-1.7016264
1,238,0,-1.0,1.0,0.5,2,2,2,0,0,-2.0138535,-1.7221191
1,239,2,-1.1,1.0,0.6818181818181818,2,3,1,0,0,-2.0335274,-1.7409468
1,240,0,-1.15,1.0,0.8260869565217391,2,3,1,1,0,-2.0484324,-1.757231
1,241,2,-1.25,1.0,1.0434782608695652,2,3,2,0,0,-2.0698464,-1.7785084
1,242,0,-0.8,1.0,1.2608695652173914,3,3,2,0,1,-2.08512,-1.7941685
1,243,0,-0.8,1.0,1.4166666666666667,3,3,3,0,0,-2.1245213,-1.9064991
1,244,0,-0.8,1.0,1.56,3,3,2,1,0,-2.1381035,-1.9226649
1,245,2,2.5,1.0,0.32,0,1,1,0,0,-2.1517339,-1.9430356
1,246,0,0.3,1.0,0.0,0,0,0,0,0,-1.6195941,-1.3632355
1,247,0,-0.9,1.0,0.08,0,0,1,1,2,-1.6171652,-1.3681587
1,248,0,-0.8,1.0,0.16666666666666666,0,0,0,1,1,-1.6700282,-1.4099485
1,249,0,-0.9,1.0,0.25,0,1,0,2,1,-1.6617928,-1.4099598
1,250,0,-0.8,1.0,0.36363636363636365,0,0,0,1,1,-1.6898072,-1.433306
1,251,0,-0.85,1.0,0.43478260869565216,0,0,1,1,1,-1.6871345,-1.4365915
1,252,2,-1.1,1.0,0.6086956521739131,0,0,1,2,1,-1.7099246,-1.4545705
1,253,0,-0.9,1.0,0.6666666666666666,0,1,0,2,1,-1.7332878,-1.474344
1,254,2,-1.0,1.0,0.76,0,0,0,3,1,-1.7437387,-1.4855947
1,255,2,-0.6,1.0,0.92,1,0,0,2,2,-1.7618302,-1.5038435
1,256,0,-0.8,1.0,1.12,1,0,1,3,2,-1.6392725,-1.4760646
1,257,2,-0.75,1.0,1.32,1,0,0,3,2,-1.6684028,-1.5015453
1,258,0,2.45,1.0,0.125,2,0,0,1,0,-1.6754051,-1.5106032
1,259,0,-0.25,1.0,0.0,2,0,0,1,0,-2.3262994,-2.072147
1,260,0,-0.55,1.0,0.0,2,1,0,0,0,-2.3447123,-2.0894344
1,261,0,-0.7,1.0,0.045454545454545456,2,0,2,0,0,-2.3644836,-2.1064987
1,262,2,-0.65,1.0,0.09090909090909091,2,0,1,0,0,-2.3906434,-2.1258667
1,263,2,-0.65,1.0,0.15,2,0,1,0,0,-2.40188,-2.1381779
1,264,0,-0.7,1.0,0.19047619047619047,2,0,1,1,0,-2.4210148,-2.155151
1,265,2,-0.8,1.0,0.3,2,0,2,0,0,-2.4477348,-2.179478
1,266,0,-0.85,1.0,0.38095238095238093,2,0,3,0,0,-2.467605,-2.193503
1,267,2,-0.95,1.0,0.5238095238095238,2,1,2,0,0,-2.4950943,-2.2148273
1,268,0,-0.7,1.0,0.6521739130434783,3,2,3,1,0,-2.5135603,-2.2343562
1,269,0,-0.65,1.0,0.7916666666666666,3,1,3,0,1,-2.5920768,-2.3841808
1,270,0,-0.6,1.0,1.0,3,1,3,0,0,-2.606568,-2.3992019
1,271,2,1.3,1.0,0.16666666666666666,0,0,2,0,0,-2.6129901,-2.4108636
1,272,2,-0.25,1.0,0.043478260869565216,0,0,0,1,0,-1.9823414,-1.7134106
1,273,0,-0.7,1.0,0.08695652173913043,0,0,0,2,0,-1.9882088,-1.7248865
1,274,2,-0.7,1.0,0.13636363636363635,0,0,0,1,1,-2.0143871,-1.7485076
1,275,2,-0.7,1.0,0.19047619047619047,0,1,0,1,0,-2.029264,-1.7656529
1,276,0,-0.85,1.0,0.2727272727272727,0,0,1,2,0,-2.0392401,-1.7756754
1,277,0,-0.8,1.0,0.4,0,0,0,2,0,-2.0690444,-1.8017133
1,278,0,-0.85,1.0,0.47619047619047616,0,0,0,3,0,-2.0723293,-1.8111001
1,279,2,-1.0,1.0,0.5909090909090909,0,1,0,3,0,-2.1000547,-1.8357544
1,280,0,-1.1,1.0,0.7727272727272727,0,1,0,3,0,-2.1230986,-1.8563489
1,281,0,-0.4,1.0,0.8260869565217391,0,0,1,3,0,-2.138991,-1.8712317
1,282,0,-0.45,1.0,0.9565217391304348,0,0,0,3,0,-2.1578002,-1.8870525
1,283,2,-0.55,1.0,1.0416666666666667,1,0,0,4,1,-2.1619236,-1.8942615
1,284,2,-0.45,1.0,1.1666666666666667,1,0,0,3,0,-2.0321672,-1.8693213
1,285,2,-0.7,1.0,1.2307692307692308,1,2,1,3,0,-2.0256429,-1.8677559
1,286,0,1.6,1.0,0.38461538461538464,2,1,0,1,0,-2.0683594,-1.9005756
1,287,2,0.15,1.0,0.13043478260869565,2,1,0,0,0,-2.851981,-2.5889537
1,288,0,-0.9,1.0,0.20833333333333334,2,1,1,1,1,-2.8638098,-2.6004975
1,289,0,-0.8,1.0,0.3181818181818182,2,1,1,0,0,-2.9148676,-2.644295
1,290,0,-0.85,1.0,0.4090909090909091,2,1,2,0,0,-2.9157815,-2.647788
1,291,0,-0.8,1.0,0.5,2,1,1,0,0,-2.9485407,-2.675208
1,292,0,-1.0,1.0,0.6363636363636364,2,3,1,0,0,-2.957967,-2.6883397
1,293,0,-1.15,1.0,0.782608695652174,2,2,2,1,0,-2.998869,-2.725756
1,294,2,-1.15,1.0,0.9166666666666666,2,2,3,0,0,-3.0331874,-2.7554216
1,295,2,-1.1,1.0,1.0833333333333333,2,2,2,0,0,-3.0578897,-2.7762284
1,296,0,-0.7,1.0,1.1538461538461537,3,3,2,0,1,-3.0666544,-2.7904987
1,297,2,-0.95,1.0,1.3333333333333333,3,3,3,1,0,-3.1381757,-2.9398057
1,298,0,-0.9,1.0,1.5555555555555556,3,3,3,0,0,-3.1681633,-2.96855
1,299,2,2.95,1.0,0.21428571428571427,0,1,2,0,0,-3.181737,-2.9828453
1,300,0,-0.05,1.0,0.037037037037037035,0,0,0,0,1,-2.450134,-2.1666503
1,301,0,-0.9,1.0,0.10714285714285714,0,1,0,1,2,-2.4490106,-2.175872
1,302,0,-0.85,1.0,0.18518518518518517,0,0,0,2,1,-2.5050745,-2.2229903
1,303,0,-0.85,1.0,0.25925925925925924,0,0,1,1,1,-2.512139,-2.2304215
1,304,0,-0.8,1.0,0.36,0,0,0,1,1,-2.531156,-2.2475195
1,305,0,-1.05,1.0,0.46153846153846156,0,1,0,2,2,-2.538118,-2.257342
1,306,2,-1.15,1.0,0.5925925925925926,0,0,0,3,2,-2.598305,-2.3067887
1,307,0,-1.1,1.0,0.7407407407407407,0,0,0,2,2,-2.6219916,-2.3287137
1,308,0,-1.15,1.0,0.8571428571428571,0,0,1,2,2,-2.6273372,-2.3362484
1,309,2,-0.75,1.0,1.0357142857142858,1,0,0,3,2,-2.6614864,-2.363345
1,310,2,-0.8,1.0,1.1724137931034482,1,1,0,3,2,-2.479409,-2.2968373
1,311,0,-1.0,1.0,1.3333333333333333,1,0,1,4,3,-2.508208,-2.3207872
1,312,2,2.8,1.0,0.20689655172413793,2,0,1,1,0,-2.5534534,-2.3596947
1,313,0,-0.45,1.0,0.13333333333333333,2,1,2,0,0,-3.4360545,-3.1535459
1,314,0,-0.8,1.0,0.2,2,1,1,0,0,-3.4720664,-3.1840415
1,315,2,-1.05,1.0,0.2903225806451613,2,2,2,1,0,-3.4776652,-3.1967409
1,316,2,-1.1,1.0,0.4642857142857143,2,1,2,1,0,-3.5358312,-3.2462602
1,317,2,-0.85,1.0,0.5769230769230769,2,1,2,0,0,-3.5456803,-3.2566717
1,318,0,-1.15,1.0,0.76,2,2,3,0,0,-3.556317,-3.2663703
1,319,0,-1.3,1.0,0.9230769230769231,2,3,3,0,0,-3.6062162,-3.306053
1,320,2,-1.45,1.0,1.1111111111111112,2,3,3,1,0,-3.6409314,-3.336208
1,321,0,-1.3,1.0,1.2962962962962963,2,3,3,0,0,-3.6752105,-3.366915
1,322,2,-0.95,1.0,1.5185185185185186,2,3,4,0,0,-3.685375,-3.3767998
1,323,0,-0.9,1.0,1.7407407407407407,3,3,3,0,0,-3.7242942,-3.4080107
1,324,2,-0.95,1.0,1.8928571428571428,3,4,3,0,0,-3.7528696,-3.502011
1,325,0,-0.95,1.0,2.0344827586206895,3,3,3,1,0,-3.7871292,-3.529173
1,326,2,3.9,1.0,0.4827586206896552,0,1,1,0,0,-3.816801,-3.5580459
1,327,2,0.7,1.0,0.034482758620689655,0,0,1,0,1,-2.9352274,-2.6311524
1,328,0,-0.65,1.0,0.07692307692307693,0,0,0,0,1,-2.959672,-2.6552966
1,329,2,-0.75,1.0,0.11538461538461539,0,1,0,1,1,-2.9635282,-2.6639547
1,330,0,-1.0,1.0,0.2222222222222222,0,1,0,1,2,-3.0122344,-2.7059042
1,331,0,-0.75,1.0,0.25925925925925924,0,0,1,1,1,-3.049416,-2.7392063
1,332,0,-0.8,1.0,0.36,0,0,0,1,1,-3.054749,-2.7435741
1,333,0,-0.95,1.0,0.5,0,0,0,2,1,-3.0587971,-2.7514155
1,334,0,-1.0,1.0,0.6,0,0,0,3,1,-3.096129,-2.7820172
1,335,2,-1.0,1.0,0.6923076923076923,0,1,0,2,1,-3.1339674,-2.812847
1,336,2,-0.5,1.0,0.8076923076923077,1,0,1,2,1,-3.149579,-2.8283927
1,337,0,-0.6,1.0,0.9615384615384616,1,0,0,3,1,-2.945037,-2.7330709
1,338,2,-0.75,1.0,1.1538461538461537,1,0,1,3,1,-2.9595323,-2.7510674
1,339,2,1.85,1.0,0.18518518518518517,2,0,1,2,0,-2.9907296,-2.7785552
1,340,2,-0.45,1.0,0.10714285714285714,2,1,2,0,0,-4.0683045,-3.753704
1,341,0,-0.7,1.0,0.14285714285714285,2,0,1,0,1,-4.092607,-3.774969
1,342,2,-0.8,1.0,0.24,2,1,1,0,0,-4.0935817,-3.785731
1,343,2,-0.85,1.0,0.32,2,1,1,1,0,-4.113954,-3.8068213
1,344,2,-0.95,1.0,0.4782608695652174,2,1,2,0,0,-4.1489296,-3.8416677
1,345,2,-1.05,1.0,0.5833333333333334,2,2,3,0,0,-4.1748815,-3.8639774
1,346,2,-1.0,1.0,0.7391304347826086,2,1,2,0,1,-4.2299323,-3.9094603
1,347,2,-1.1,1.0,0.9130434782608695,2,2,2,0,0,-4.2360096,-3.920136
1,348,2,-1.3,1.0,1.0833333333333333,2,2,3,1,0,-4.259309,-3.941612
1,349,0,-0.85,1.0,1.1923076923076923,3,3,4,0,0,-4.3152285,-3.988308
1,350,0,-0.75,1.0,1.3846153846153846,3,2,3,0,0,-4.365788,-4.092296
1,351,0,-0.95,1.0,1.5555555555555556,3,3,3,0,1,-4.363001,-4.095995
1,352,2,2.7,1.0,0.2962962962962963,0,1,1,2,0,-4.4104977,-4.13796
1,353,0,0.05,1.0,0.07407407407407407,0,0,0,1,0,-3.4535897,-3.1282032
1,354,2,-0.75,1.0,0.10344827586206896,0,1,1,1,0,-3.4206407,-3.1074994
1,355,2,-0.85,1.0,0.18518518518518517,0,0,0,2,1,-3.4711761,-3.1481988
1,356,0,-0.85,1.0,0.2692307692307692,0,0,0,3,0,-3.497014,-3.1743903
1,357,2,-0.8,1.0,0.36,0,0,0,2,0,-3.5164318,-3.1901784
1,358,2,-1.05,1.0,0.4444444444444444,0,1,1,2,1,-3.5160668,-3.1932797
1,359,0,-1.1,1.0,0.5925925925925926,0,0,0,3,1,-3.5889544,-3.2539623
1,360,2,-1.2,1.0,0.6896551724137931,0,0,0,4,2,-3.595183,-3.2637262
1,361,2,-1.25,1.0,0.8620689655172413,0,0,0,4,1,-3.656377,-3.3178701
1,362,0,-0.5,1.0,0.9655172413793104,0,0,0,3,1,-3.654849,-3.3186884
1,363,0,-0.65,1.0,1.103448275862069,0,0,1,3,1,-3.6536078,-3.3213394
1,364,2,-0.95,1.0,1.2666666666666666,1,1,0,4,2,-3.6923058,-3.354241
1,365,2,-1.0,1.0,1.375,1,0,0,5,3,-3.4648795,-3.2417574
1,366,2,-0.9,1.0,1.6666666666666667,1,0,0,4,2,-3.5066357,-3.2781034
1,367,2,3.5,1.0,0.2903225806451613,2,0,1,1,0,-3.4864123,-3.2645779
1,368,0,0.35,1.0,0.0,2,1,0,0,0,-4.69183,-4.370366
1,369,0,-0.5,1.0,0.0,2,0,0,0,0,-4.6932282,-4.3784533
1,370,0,-0.85,1.0,0.07407407407407407,2,1,1,1,0,-4.695137,-4.3845654
1,371,0,-0.85,1.0,0.15384615384615385,2,1,1,0,1,-4.7676973,-4.446803
1,372,0,-0.85,1.0,0.2222222222222222,2,1,2,0,0,-4.7866645,-4.467435
1,373,0,-0.85,1.0,0.3076923076923077,2,2,1,0,0,-4.8109207,-4.487199
1,374,0,-0.8,1.0,0.38461538461538464,2,1,1,0,0,-4.83313,-4.513971
1,375,2,-1.0,1.0,0.48148148148148145,2,1,2,1,0,-4.8393598,-4.5250416
1,376,0,-1.0,1.0,0.5714285714285714,2,1,3,0,0,-4.9023438,-4.5817785
1,377,0,-0.45,1.0,0.6785714285714286,3,1,2,0,0,-4.930113,-4.608879
1,378,2,-0.65,1.0,0.7931034482758621,3,3,2,0,0,-4.930729,-4.664277
1,379,0,-0.8,1.0,0.9333333333333333,3,2,3,0,1,-4.981964,-4.7119603
1,380,0,1.85,1.0,0.1,0,1,1,1,0,-5.0256867,-4.7603006
1,381,0,-0.25,1.0,0.0,0,0,1,0,0,-3.962835,-3.6485245
1,382,0,-0.7,1.0,0.03125,0,1,0,0,1,-3.9376624,-3.6368532
1,383,0,-0.8,1.0,0.1111111111111111,0,0,0,1,1,-3.9723513,-3.6775672
1,384,0,-0.8,1.0,0.18518518518518517,0,0,0,1,1,-3.9948921,-3.7043602
1,385,0,-0.85,1.0,0.28,0,0,0,2,1,-4.011158,-3.726837
1,386,2,-0.85,1.0,0.34615384615384615,0,0,1,1,1,-4.0506096,-3.7675376
1,387,2,-1.0,1.0,0.5,0,1,0,2,1,-4.0675163,-3.7880814
1,388,0,-0.95,1.0,0.625,0,0,0,2,1,-4.1060395,-3.8277223
1,389,2,-0.95,1.0,0.75,0,0,0,2,1,-4.1087823,-3.835914
1,390,2,-0.7,1.0,0.8461538461538461,1,0,1,3,2,-4.1288667,-3.858512
1,391,2,-0.75,1.0,1.0384615384615385,1,0,0,3,2,-3.891153,-3.7366488
1,392,2,-0.8,1.0,1.1851851851851851,1,1,0,3,2,-3.8861792,-3.7373304
1,393,0,2.35,1.0,0.11538461538461539,2,0,0,1,0,-3.9218388,-3.771325
1,394,2,-0.45,1.0,0.03571428571428571,2,0,2,1,0,-5.2447085,-5.0291243
1,395,2,-0.8,1.0,0.1111111111111111,2,1,1,0,0,-5.317529,-5.090994
1,396,2,-0.8,1.0,0.2,2,1,1,0,0,-5.3287807,-5.1073346
1,397,0,-0.85,1.0,0.28,2,2,1,0,0,-5.3584824,-5.137552
1,398,2,-0.95,1.0,0.43478260869565216,2,1,2,0,0,-5.407209,-5.1856275
1,399,0,-1.0,1.0,0.5909090909090909,2,1,2,1,0,-5.4346805,-5.2122507
1,400,0,-1.15,1.0,0.7727272727272727,2,2,3,0,0,-5.480824,-5.259196
1,401,0,-1.1,1.0,0.9545454545454546,2,2,2,0,0,-5.5302896,-5.303787
1,402,0,-1.3,1.0,1.1304347826086956,2,3,3,0,0,-5.5326653,-5.313548
1,403,2,-0.75,1.0,1.3478260869565217,2,2,3,0,0,-5.606399,-5.378537
1,404,2,-0.95,1.0,1.5416666666666667,2,3,3,1,0,-5.6150956,-5.392194
1,405,0,-0.95,1.0,1.72,3,3,4,0,0,-5.6866927,-5.460568
1,406,0,-1.1,1.0,2.0,3,4,4,0,0,-5.6690583,-5.478237
1,407,0,-1.05,1.0,2.28,3,3,4,0,0,-5.7106013,-5.5213804
1,408,2,3.85,1.0,0.46153846153846156,0,1,1,1,0,-5.720949,-5.538538
1,409,2,0.65,1.0,0.0,0,0,1,0,0,-4.5466332,-4.301966
1,410,0,-0.5,1.0,0.0,0,0,0,0,0,-4.5222564,-4.285512
1,411,0,-0.7,1.0,0.045454545454545456,0,1,0,1,0,-4.516746,-4.2868114
1,412,2,-0.65,1.0,0.09523809523809523,0,0,0,1,0,-4.5780153,-4.3448
1,413,0,-0.7,1.0,0.14285714285714285,0,0,0,2,0,-4.5778904,-4.35058
1,414,2,-0.7,1.0,0.18181818181818182,0,0,1,1,0,-4.626519,-4.397712
1,415,0,-0.65,1.0,0.22727272727272727,0,0,0,1,0,-4.649504,-4.4216933
1,416,0,-0.7,1.0,0.2608695652173913,0,1,0,1,0,-4.648826,-4.4262815
1,417,0,-0.7,1.0,0.2916666666666667,0,0,0,2,0,-4.694392,-4.4700665
1,418,2,-0.3,1.0,0.391304347826087,1,0,0,2,0,-4.7261267,-4.500751
1,419,0,-0.5,1.0,0.5,1,0,1,3,0,-4.3911967,-4.289361
1,420,0,-0.5,1.0,0.6,1,1,0,3,0,-4.464064,-4.354977
1,421,2,0.65,1.0,0.12,2,0,0,1,0,-4.4777646,-4.371188
1,422,0,-0.4,1.0,0.04,2,0,1,1,0,-6.034901,-5.8649793
1,423,2,-0.65,1.0,0.08,2,0,1,0,0,-6.0901146,-5.9145765
1,424,2,-0.85,1.0,0.17391304347826086,2,1,2,0,0,-6.1027694,-5.929489
1,425,2,-0.85,1.0,0.2727272727272727,2,2,1,0,0,-6.186456,-6.005075
1,426,0,-0.8,1.0,0.4,2,1,1,0,0,-6.2191796,-6.043434
1,427,0,-0.9,1.0,0.47619047619047616,2,1,1,1,1,-6.2250566,-6.053682
1,428,2,-1.0,1.0,0.65,2,1,3,0,0,-6.301991,-6.1277223
1,429,0,-1.15,1.0,0.8095238095238095,2,3,2,0,0,-6.339462,-6.156947
1,430,0,-1.1,1.0,1.0,2,2,2,0,0,-6.3968987,-6.2164536
1,431,2,-0.85,1.0,1.1304347826086956,2,2,3,1,1,-6.40479,-6.22595
1,432,0,-0.9,1.0,1.391304347826087,3,3,3,0,0,-6.506312,-6.3169208
1,433,0,-1.0,1.0,1.5833333333333333,3,4,4,0,0,-6.4286237,-6.2859516
1,434,0,-0.9,1.0,1.8333333333333333,3,3,3,0,0,-6.505864,-6.355146
1,435,2,2.9,1.0,0.375,0,1,1,0,0,-6.491953,-6.3477745
1,436,2,0.3,1.0,0.0,0,0,0,1,1,-5.1831546,-4.9591174
1,437,0,-0.5,1.0,0.0,0,0,0,0,0,-5.2186136,-4.9972887
1,438,2,-0.6,1.0,0.0,0,1,1,0,0,-5.1832204,-4.969644
1,439,2,-0.5,1.0,0.0,0,0,0,0,0,-5.259847,-5.039979
1,440,0,-0.65,1.0,0.041666666666666664,0,0,0,1,0,-5.2305408,-5.021574
1,441,0,-0.7,1.0,0.08,0,0,0,2,0,-5.2824554,-5.072827
1,442,0,-0.75,1.0,0.11538461538461539,0,1,0,1,1,-5.3322754,-5.122019
1,443,2,-0.85,1.0,0.18518518518518517,0,0,1,1,1,-5.3821006,-5.173952
1,444,0,-0.95,1.0,0.2962962962962963,0,0,0,2,1,-5.4141836,-5.2044487
1,445,2,-0.5,1.0,0.39285714285714285,1,0,0,3,1,-5.4430056,-5.2322674
1,446,2,-0.45,1.0,0.5185185185185185,1,0,0,2,1,-5.07635,-4.989759
1,447,2,-0.6,1.0,0.5666666666666667,1,1,1,2,2,-5.0793023,-4.989595
1,448,2,1.05,1.0,0.03333333333333333,2,0,0,1,0,-5.182886,-5.075752
1,449,0,-0.4,1.0,0.0,2,0,0,0,0,-6.8910823,-6.7263145
1,450,2,-0.55,1.0,0.0,2,0,0,1,0,-6.9000077,-6.732275
1,451,2,-0.85,1.0,0.07407407407407407,2,1,1,0,1,-6.955778,-6.7823677
1,452,0,-0.85,1.0,0.15384615384615385,2,1,2,0,0,-7.043891,-6.860507
1,453,2,-0.8,1.0,0.2608695652173913,2,1,1,0,0,-7.0804186,-6.8889575
1,454,2,-1.0,1.0,0.391304347826087,2,1,2,1,0,-7.0863624,-6.8996477
1,455,2,-1.15,1.0,0.5416666666666666,2,2,2,0,1,-7.174335,-6.976674
1,456,0,-1.1,1.0,0.7083333333333334,2,2,2,0,0,-7.237135,-7.0368176
1,457,0,-1.15,1.0,0.84,2,2,3,0,0,-7.2425876,-7.0443873
1,458,2,-0.75,1.0,1.04,2,2,3,0,0,-7.3036237,-7.09932
1,459,2,-0.95,1.0,1.28,2,3,3,1,0,-7.336275,-7.130977
1,460,2,-0.9,1.0,1.52,2,3,3,0,0,-7.422315,-7.2111044
1,461,0,-0.95,1.0,1.6923076923076923,3,3,3,0,1,-7.425788,-7.2183495
1,462,2,-0.95,1.0,1.9230769230769231,3,3,4,0,0,-7.3718424,-7.2009864
1,463,0,-0.9,1.0,2.24,3,3,3,0,0,-7.4004107,-7.2305894
1,464,0,3.65,1.0,0.5416666666666666,0,1,1,1,0,-7.4043903,-7.2360525
1,465,2,0.8,1.0,0.0,0,0,0,0,0,-5.9443293,-5.702186
1,466,2,-0.55,1.0,0.0,0,0,0,0,1,-5.8761997,-5.647242
1,467,0,-0.7,1.0,0.041666666666666664,0,0,1,1,0,-5.936958,-5.7071166
1,468,0,-0.8,1.0,0.13636363636363635,0,0,0,1,1,-5.990192,-5.754542
1,469,2,-0.85,1.0,0.22727272727272727,0,0,0,2,1,-6.0150237,-5.784019
1,470,0,-0.85,1.0,0.3181818181818182,0,0,0,1,2,-6.0688305,-5.8364763
1,471,0,-0.9,1.0,0.375,0,1,1,1,1,-6.0921845,-5.8647933
1,472,2,-1.1,1.0,0.5416666666666666,0,0,0,2,2,-6.1354523,-5.9055634
1,473,2,-1.15,1.0,0.68,0,0,0,3,2,-6.167476,-5.9412413
1,474,0,-0.65,1.0,0.8076923076923077,0,0,0,2,3,-6.2236214,-5.995461
1,475,0,-0.75,1.0,1.0,0,0,0,2,3,-6.250655,-6.0271797
1,476,0,-0.9,1.0,1.1071428571428572,0,1,1,3,3,-6.2756915,-6.0543313
1,477,0,-0.9,1.0,1.3703703703703705,0,0,0,3,3,-6.397643,-6.1660304
1,478,2,-0.9,1.0,1.6538461538461537,1,0,0,3,3,-6.357439,-6.1356077
1,479,0,-0.95,1.0,1.8846153846153846,1,0,0,4,3,-5.913615,-5.8245835
1,480,0,-0.95,1.0,2.1153846153846154,1,0,0,3,4,-5.9677687,-5.8770328
1,481,2,3.6,1.0,0.48,2,1,1,1,1,-5.995303,-5.9018335
1,482,2,0.7,1.0,0.0,2,0,0,0,0,-7.9619737,-7.813307
1,483,2,-0.55,1.0,0.0,2,0,0,1,0,-7.867463,-7.731702
1,484,0,-0.65,1.0,0.043478260869565216,2,0,1,0,0,-7.9209523,-7.786011
1,485,2,-0.7,1.0,0.08333333333333333,2,0,1,0,1,-7.953668,-7.8157773
1,486,0,-0.7,1.0,0.125,2,0,2,0,0,-8.009345,-7.871427
1,487,2,-0.7,1.0,0.16,2,1,1,0,0,-8.040895,-7.90031
1,488,2,-0.7,1.0,0.19230769230769232,2,0,1,1,0,-8.0697,-7.9349422
1,489,0,-1.0,1.0,0.2962962962962963,2,1,2,0,1,-8.093979,-7.9615574
1,490,2,-1.0,1.0,0.39285714285714285,2,1,3,0,0,-8.192688,-8.051735
1,491,2,-0.5,1.0,0.5,2,2,2,0,0,-8.230374,-8.082683
1,492,2,-0.6,1.0,0.6428571428571429,2,1,3,0,0,-8.261126,-8.117932
1,493,2,-0.65,1.0,0.7586206896551724,2,1,3,1,0,-8.297696,-8.148811
1,494,0,-0.6,1.0,0.9285714285714286,3,1,3,0,0,-8.366889,-8.211608
1,495,0,-0.8,1.0,1.0689655172413792,3,2,4,0,0,-8.230489,-8.131284
1,496,0,-0.8,1.0,1.2413793103448276,3,3,3,0,0,-8.331627,-8.221398
1,497,0,2.25,1.0,0.2413793103448276,0,1,1,1,0,-8.369617,-8.258383
1,498,2,0.2,1.0,0.0,0,0,0,0,0,-6.742851,-6.5208416
1,499,0,-0.65,1.0,0.041666666666666664,0,0,0,0,1,-6.663264,-6.451891
1,500,0,-0.95,1.0,0.12,0,1,1,1,2,-6.7263346,-6.5138946
